{
    "balance": 7493.664771141581,
    "history_ids": [
        "DOGEUSDT_1782564300.0",
        "DOGEUSDT_1782560700.0"
    ],
    "live_positions": {
        "BTCUSDT": {
            "direction": "SHORT",
            "entry": 59690.62,
            "initial_sl": 60003.714751391744,
            "sl": 60003.714751391744,
            "tp1": 59168.79541434709,
            "tp2": 58751.33574582477,
            "tp1_done": false
        },
        "DOGEUSDT": {
            "direction": "SHORT",
            "entry": 0.07317,
            "initial_sl": 0.07359025699484069,
            "sl": 0.07359025699484069,
            "tp1": 0.07246957167526552,
            "tp2": 0.07190922901547793,
            "tp1_done": false
        },
        "AAVEUSDT": {
            "direction": "LONG",
            "entry": 91.7,
            "initial_sl": 91.07108067537557,
            "sl": 91.07108067537557,
            "tp1": 92.74819887437405,
            "tp2": 93.58675797387329,
            "tp1_done": false
        }
    },
    "live_orders": {},
    "cooldown": {
        "HBARUSDT": true,
        "TRXUSDT": true,
        "AVAXUSDT": true,
        "LTCUSDT": true,
        "ARBUSDT": true
    }
}