{
    "balance": 9271.374586999998,
    "history_ids": [
        "DOGEUSDT_1782564300.0",
        "DOGEUSDT_1782560700.0"
    ],
    "live_positions": {
        "TRXUSDT": {
            "direction": "LONG",
            "entry": 0.3235,
            "initial_sl": 0.3226224752989867,
            "sl": 0.3226224752989867,
            "tp1": 0.32496254116835555,
            "tp2": 0.3261325741030399,
            "tp1_done": false
        },
        "LTCUSDT": {
            "direction": "SHORT",
            "entry": 42.93,
            "initial_sl": 43.04815568995042,
            "sl": 43.04815568995042,
            "tp1": 42.73307385008263,
            "tp2": 42.575532930148746,
            "tp1_done": false
        },
        "ARBUSDT": {
            "direction": "SHORT",
            "entry": 0.074,
            "initial_sl": 0.07427953212685295,
            "sl": 0.07427953212685295,
            "tp1": 0.07353411312191174,
            "tp2": 0.07316140361944114,
            "tp1_done": false
        },
        "TONUSDT": {
            "direction": "SHORT",
            "entry": 1.551,
            "initial_sl": 1.5576387872680202,
            "sl": 1.5576387872680202,
            "tp1": 1.5399353545532997,
            "tp2": 1.5310836381959394,
            "tp1_done": false
        }
    },
    "live_orders": {},
    "cooldown": {}
}