{
    "balance": 9171.35499795544,
    "history_ids": [
        "DOGEUSDT_1782564300.0",
        "DOGEUSDT_1782560700.0"
    ],
    "live_positions": {
        "TRXUSDT": {
            "direction": "LONG",
            "entry": 0.3235,
            "initial_sl": 0.3226224752989867,
            "sl": 0.3226224752989867,
            "tp1": 0.32496254116835555,
            "tp2": 0.3261325741030399,
            "tp1_done": false
        },
        "HBARUSDT": {
            "direction": "SHORT",
            "entry": 0.07067,
            "initial_sl": 0.07090235185220914,
            "sl": 0.07090235185220914,
            "tp1": 0.07028274691298476,
            "tp2": 0.06997294444337258,
            "tp1_done": false
        },
        "BTCUSDT": {
            "direction": "SHORT",
            "entry": 59690.62,
            "initial_sl": 60003.714751391744,
            "sl": 60003.714751391744,
            "tp1": 59168.79541434709,
            "tp2": 58751.33574582477,
            "tp1_done": false
        },
        "DOGEUSDT": {
            "direction": "SHORT",
            "entry": 0.07317,
            "initial_sl": 0.07359025699484069,
            "sl": 0.07359025699484069,
            "tp1": 0.07246957167526552,
            "tp2": 0.07190922901547793,
            "tp1_done": false
        }
    },
    "live_orders": {},
    "cooldown": {
        "TONUSDT": true
    }
}